sentiment,mean,std
NEGATIVE,0.9862201511859894,0.00959254299385476
