topic,avg_score,count
0,0.7403306812047958,4
1,0.9694347381591797,1
2,0.9994558691978455,1
